zip_code,sources,fce,sar,violations,total,income_poverty_level,white_pct,black_pct,am_indian_ak_native_pct,asian_pct,hi_pc_islander_pct,other_pct
49735,46.0,60.0,76.0,9.0,19372.0,14.1,95.2,0.8,0.3,0.6,0.0,3.1
49512,35.0,43.0,62.0,34.0,17528.0,8.7,62.6,28.4,0.2,6.7,0.2,1.9
49423,28.0,38.0,50.0,16.0,41484.0,10.8,84.5,3.4,0.5,2.5,0.0,9.0
48170,26.0,25.0,36.0,14.0,39307.0,4.7,92.9,1.4,0.1,3.6,0.0,1.9
48326,24.0,20.0,30.0,15.0,22265.0,11.9,60.3,16.4,0.3,18.2,0.2,4.7
48150,23.0,18.0,30.0,3.0,25666.0,5.9,91.2,3.9,0.1,2.3,0.0,2.6
49464,23.0,40.0,44.0,9.0,28804.0,4.1,91.3,0.9,0.3,4.1,0.0,3.3000000000000003
48174,22.0,17.0,29.0,8.0,31324.0,16.2,61.6,32.4,0.1,2.1,0.0,3.8
49646,21.0,47.0,47.0,3.0,8157.0,16.7,95.9,0.5,0.8,0.7,0.0,2.1
48180,21.0,13.0,27.0,9.0,60488.0,16.6,75.3,19.1,0.4,1.5,0.0,3.8
49442,20.0,19.0,29.0,9.0,39182.0,22.5,71.4,20.5,0.8,0.2,0.0,7.0
49751,20.0,30.0,44.0,5.0,2016.0,10.4,97.0,0.0,1.6,0.6,0.1,0.5
48060,20.0,18.0,27.0,13.0,38525.0,22.7,83.9,7.6,0.2,1.3,0.1,6.8
49709,20.0,27.0,27.0,,3461.0,19.9,95.3,0.2,1.5,0.0,0.0,3.0
49120,18.0,20.0,24.0,14.0,35993.0,14.8,88.5,6.6,0.6,0.6,0.0,3.7
48393,18.0,20.0,35.0,12.0,17042.0,10.4,76.0,14.5,0.4,6.0,0.0,3.1
49601,18.0,27.0,37.0,10.0,21514.0,13.7,95.6,1.0,0.4,0.5,0.0,2.6
48071,18.0,6.0,19.0,7.0,29964.0,13.6,80.8,8.5,0.4,5.8,0.0,4.5
49548,17.0,24.0,34.0,16.0,33474.0,15.6,72.1,10.3,0.8,4.5,0.1,12.2
48701,17.0,2.0,32.0,54.0,1378.0,17.4,89.0,1.0,0.3,0.5,0.0,9.3
49424,17.0,7.0,18.0,7.0,48456.0,9.0,77.3,2.2,0.3,7.3,0.0,12.9
49221,17.0,19.0,23.0,10.0,35692.0,15.6,89.1,5.3,0.5,0.3,0.0,4.9
48001,17.0,1.0,10.0,4.0,11818.0,9.9,97.0,0.1,0.6,0.6,0.1,1.6
48906,16.0,13.0,29.0,10.0,26196.0,22.0,72.2,14.4,0.6,1.9,0.0,10.8
48867,16.0,14.0,32.0,5.0,26808.0,12.3,96.6,0.8,0.1,0.2,0.1,2.2
49707,16.0,20.0,32.0,24.0,21255.0,14.7,96.6,0.6,0.5,0.7,0.0,1.6
49036,16.0,20.0,24.0,28.0,21278.0,13.5,91.0,4.3,0.6,1.2,0.0,2.9
49022,16.0,5.0,11.0,8.0,30927.0,32.6,42.3,52.5,0.1,0.2,0.1,4.9
49503,16.0,26.0,31.0,12.0,36021.0,24.7,70.9,13.9,0.7,1.8,0.0,12.8
48209,16.0,15.0,29.0,32.0,31571.0,43.1,50.8,10.1,1.0,0.1,0.0,38.0
49001,15.0,10.0,22.0,13.0,20961.0,15.3,69.5,23.9,0.0,0.6,0.0,6.0
49441,15.0,13.0,24.0,10.0,34990.0,13.0,84.4,10.7,0.8,1.1,0.1,2.9
49091,15.0,9.0,12.0,7.0,19369.0,19.0,91.6,0.6,0.7,0.0,0.2,7.0
48091,15.0,11.0,21.0,9.0,29667.0,27.7,55.0,23.8,1.1,16.2,0.0,4.0
48040,14.0,25.0,36.0,19.0,9639.0,8.2,96.1,0.5,0.2,0.0,0.0,3.2
49508,14.0,14.0,17.0,9.0,39241.0,10.4,59.4,24.9,0.3,9.7,0.0,5.7
48197,14.0,5.0,13.0,4.0,63230.0,14.8,63.4,24.6,0.3,5.0,0.1,6.5
48706,14.0,12.0,25.0,51.0,39055.0,16.9,94.7,1.6,0.2,0.8,0.0,2.7
49417,14.0,12.0,16.0,3.0,31037.0,6.0,95.6,0.4,0.3,0.9,0.0,2.7
48217,13.0,14.0,37.0,42.0,6678.0,37.1,12.5,80.1,0.0,0.0,0.0,7.5
48089,13.0,11.0,27.0,17.0,30797.0,23.8,59.0,32.1,0.2,5.4,0.0,3.3000000000000003
48315,13.0,7.0,19.0,4.0,27401.0,4.7,91.6,2.5,0.0,3.7,0.0,2.2
49093,13.0,15.0,19.0,10.0,18027.0,13.3,86.8,6.0,0.1,1.2,0.0,5.9
48858,12.0,4.0,17.0,4.0,44171.0,31.7,85.1,3.6,4.0,2.5,0.0,4.9
49068,12.0,13.0,19.0,6.0,14529.0,10.0,98.0,0.3,0.0,0.8,0.0,0.7999999999999999
49315,12.0,13.0,20.0,12.0,23148.0,3.3,91.3,1.4,0.5,3.6,0.0,3.2
49037,12.0,15.0,12.0,20.0,20115.0,25.6,64.5,23.9,0.2,4.8,0.0,6.7
49829,12.0,5.0,18.0,5.0,16443.0,16.3,93.1,0.6,2.1,0.6,0.0,3.6
48111,11.0,15.0,20.0,3.0,40681.0,10.8,71.2,22.6,0.1,1.0,0.0,5.0
49756,11.0,15.0,13.0,1.0,3594.0,16.0,97.5,0.2,1.0,0.0,0.0,1.4
48838,11.0,17.0,19.0,19.0,18184.0,15.5,96.0,0.5,0.1,0.4,0.2,2.9
49203,11.0,12.0,26.0,11.0,38281.0,19.0,79.8,13.7,0.2,0.9,0.1,5.4
48131,11.0,2.0,8.0,2.0,7060.0,7.2,97.5,0.8,0.2,0.4,0.0,1.0
49738,11.0,14.0,17.0,6.0,9598.0,17.1,96.3,1.0,0.1,1.3,0.0,1.3
48309,11.0,12.0,15.0,6.0,28002.0,4.5,82.2,3.8,0.2,10.8,0.0,3.1
48879,11.0,,13.0,1.0,17519.0,8.2,97.4,0.7,0.1,0.3,0.0,1.4
48084,11.0,4.0,12.0,,15723.0,5.3,55.3,4.7,0.1,35.8,0.1,3.9
48917,11.0,20.0,24.0,7.0,31682.0,9.8,73.7,13.9,0.7,5.9,0.0,5.7
49085,11.0,4.0,5.0,3.0,23407.0,4.4,88.1,2.4,0.5,5.9,0.0,3.1
49684,11.0,9.0,12.0,2.0,39904.0,9.9,95.0,0.4,1.3,0.6,0.0,2.7
49837,11.0,7.0,12.0,2.0,9251.0,10.9,94.8,0.1,1.2,0.2,0.0,3.7
48601,10.0,14.0,19.0,15.0,34315.0,34.3,30.6,62.5,0.3,0.1,0.0,6.5
48184,10.0,7.0,12.0,3.0,17044.0,21.8,75.9,18.7,0.2,0.8,0.0,4.3
49849,10.0,12.0,19.0,2.0,12118.0,10.4,95.1,0.8,0.4,0.8,0.0,3.0
49504,10.0,13.0,21.0,21.0,38864.0,18.8,81.3,6.8,0.2,1.3,0.0,10.3
49730,10.0,12.0,14.0,,2187.0,10.7,97.0,0.6,0.2,0.3,0.0,2.0
48446,10.0,6.0,13.0,12.0,29372.0,11.6,93.5,3.2,0.2,0.7,0.1,2.3
49201,10.0,5.0,9.0,1.0,37502.0,13.5,84.3,10.3,0.6,0.9,0.0,3.8
49224,10.0,6.0,10.0,11.0,12377.0,21.5,75.0,19.6,0.5,0.3,0.0,4.5
48183,10.0,15.0,21.0,5.0,41758.0,7.6,89.8,5.0,0.1,2.6,0.0,2.6
49418,10.0,15.0,20.0,8.0,28231.0,6.0,89.1,1.2,0.5,2.9,0.0,6.4
48192,9.0,14.0,20.0,11.0,24951.0,13.5,95.7,0.9,0.2,0.6,0.0,2.7
48165,9.0,9.0,12.0,18.0,7462.0,6.6,94.8,1.3,0.3,1.8,0.0,1.9
49509,9.0,8.0,15.0,6.0,27976.0,15.7,67.6,9.2,0.8,1.9,0.1,20.4
48911,9.0,2.0,8.0,1.0,40629.0,21.3,56.0,28.1,0.4,7.1,0.1,8.399999999999999
49007,9.0,7.0,10.0,13.0,9996.0,36.5,42.6,46.4,0.2,1.3,0.0,9.4
49855,9.0,3.0,13.0,6.0,29663.0,19.0,91.5,2.7,0.7,1.3,0.1,3.6
48505,9.0,8.0,14.0,6.0,20286.0,41.8,12.5,80.0,0.2,0.1,0.0,7.1000000000000005
48120,9.0,8.0,29.0,30.0,7050.0,35.0,76.7,8.7,0.1,8.0,0.0,6.5
48843,9.0,7.0,13.0,,44707.0,5.2,95.9,0.5,0.2,1.0,0.2,2.2
49660,9.0,22.0,32.0,4.0,12915.0,9.5,88.7,4.2,2.0,0.6,0.1,4.4
48126,9.0,5.0,11.0,2.0,48412.0,40.3,91.2,1.7,0.3,2.5,0.0,4.3
48827,9.0,3.0,11.0,2.0,16033.0,8.9,96.5,1.2,0.2,0.5,0.0,1.6
48341,9.0,10.0,18.0,5.0,16382.0,24.8,29.6,60.2,0.9,1.4,0.0,7.9
49431,9.0,17.0,20.0,1.0,16938.0,13.6,94.9,0.7,1.2,0.7,0.0,2.5
49505,8.0,3.0,9.0,3.0,31464.0,14.5,76.4,14.8,0.2,2.6,0.1,6.0
48661,8.0,13.0,17.0,3.0,10198.0,15.3,96.1,0.5,0.7,1.2,0.0,1.5
48708,8.0,8.0,11.0,3.0,25431.0,22.4,91.6,3.2,0.8,0.6,0.0,3.8
49444,8.0,7.0,13.0,3.0,26061.0,23.4,59.4,34.7,1.0,0.4,0.0,4.4
48226,8.0,8.0,11.0,13.0,5948.0,17.7,48.5,36.8,0.8,9.7,0.0,4.2
48813,8.0,6.0,14.0,,20479.0,11.1,96.0,0.8,0.7,0.4,0.0,2.0
48442,8.0,1.0,11.0,7.0,21116.0,11.6,93.9,2.8,0.2,0.7,0.0,2.4
48211,8.0,15.0,21.0,124.0,5551.0,45.2,39.3,51.4,0.2,1.9,0.0,7.2
48035,8.0,1.0,6.0,3.0,35317.0,13.8,71.8,23.1,0.2,1.1,0.3,3.5
48640,8.0,10.0,93.0,16.0,31553.0,11.9,93.4,1.9,0.2,1.9,0.1,2.5
48218,8.0,19.0,23.0,10.0,7502.0,42.2,41.3,48.9,0.4,0.0,0.0,9.5
49746,8.0,8.0,13.0,3.0,3249.0,14.6,97.9,0.5,0.0,0.4,0.0,1.3
48212,8.0,5.0,13.0,6.0,36777.0,46.1,40.7,23.4,0.3,30.3,0.2,5.0
48066,8.0,3.0,17.0,13.0,47191.0,15.7,74.4,20.1,0.4,1.6,0.0,3.5
49099,8.0,10.0,10.0,5.0,5695.0,17.9,96.4,0.1,0.6,0.4,0.0,2.6
49014,8.0,9.0,8.0,3.0,20682.0,15.2,82.2,10.3,1.0,2.0,0.0,4.5
49015,8.0,2.0,3.0,4.0,27324.0,15.4,79.3,7.3,0.8,5.6,0.1,7.0
49202,8.0,5.0,12.0,9.0,18922.0,21.5,84.4,8.5,0.4,1.5,0.0,5.1
48103,8.0,3.0,6.0,,54821.0,7.0,79.2,4.4,0.7,10.5,0.0,5.2
49307,8.0,12.0,14.0,8.0,17680.0,30.3,89.6,5.1,1.0,1.6,0.0,2.8
48051,7.0,7.0,11.0,7.0,17102.0,7.3,84.6,9.4,0.6,0.3,0.1,5.0
49010,7.0,,3.0,5.0,17565.0,10.4,91.5,3.6,0.4,1.2,0.0,3.3000000000000003
49017,7.0,4.0,10.0,3.0,20937.0,14.6,82.0,9.8,0.7,0.2,0.0,7.2
48124,7.0,9.0,11.0,1.0,28359.0,12.0,90.8,4.5,0.2,1.3,0.0,3.3
48604,7.0,,2.0,1.0,10152.0,24.9,83.9,11.7,0.3,1.6,0.0,2.5
49047,7.0,4.0,6.0,3.0,14620.0,16.6,82.6,7.2,2.5,0.5,0.0,7.3
48026,7.0,4.0,7.0,1.0,14467.0,9.9,89.4,5.0,0.4,2.1,0.0,3.1
48161,7.0,10.0,12.0,22.0,25853.0,17.0,91.4,3.5,0.6,0.6,0.0,3.9
48453,7.0,7.0,9.0,4.0,5096.0,24.5,96.1,0.9,0.2,0.5,0.0,2.2
48390,7.0,6.0,9.0,,23803.0,6.6,87.2,4.1,0.2,5.4,0.0,3.1
48083,7.0,8.0,9.0,2.0,22527.0,8.3,67.5,4.3,0.1,24.6,0.0,3.4
49659,7.0,12.0,18.0,,6769.0,16.2,95.1,0.9,0.9,0.6,0.0,2.5
48642,7.0,6.0,9.0,9.0,32702.0,8.5,90.6,1.5,0.6,3.9,0.1,3.3
49507,7.0,4.0,10.0,1.0,38835.0,29.8,42.7,32.3,0.3,0.7,0.0,23.8
49858,7.0,3.0,15.0,4.0,11516.0,13.1,96.1,0.4,0.3,0.4,0.0,2.9
48312,7.0,7.0,11.0,4.0,34547.0,9.6,79.4,8.4,0.1,8.6,0.0,3.5
49783,7.0,,16.0,3.0,18370.0,17.8,74.4,2.4,13.5,1.0,0.2,8.6
48910,7.0,5.0,11.0,12.0,34835.0,22.7,68.6,17.0,0.7,3.8,0.0,9.9
48202,7.0,4.0,8.0,1.0,14282.0,36.8,24.7,66.4,0.7,4.7,0.1,3.4
48043,7.0,5.0,9.0,2.0,14857.0,20.1,70.3,24.6,0.4,0.1,0.0,4.6
48204,7.0,2.0,4.0,2.0,23793.0,42.0,5.1,92.3,1.2,0.2,0.0,1.3
49321,7.0,12.0,16.0,2.0,17056.0,10.7,88.2,4.6,0.5,1.9,0.0,4.8
48214,7.0,10.0,15.0,12.0,21055.0,32.3,18.0,79.6,0.2,0.4,0.0,1.7999999999999998
48198,6.0,7.0,8.0,3.0,38081.0,21.4,54.7,36.5,0.9,2.0,0.1,5.8
49058,6.0,3.0,9.0,7.0,18731.0,7.6,96.4,0.0,0.7,1.3,0.0,1.5
48034,6.0,5.0,5.0,1.0,13846.0,10.8,20.3,69.6,0.2,4.2,0.0,5.6
49348,6.0,2.0,4.0,6.0,12378.0,6.7,93.6,1.5,0.1,0.8,0.0,4.0
48173,6.0,3.0,8.0,5.0,12351.0,7.8,93.6,2.3,0.0,1.3,0.0,2.9
48116,6.0,6.0,10.0,1.0,27106.0,5.2,96.2,0.5,0.3,1.3,0.0,1.8
48314,6.0,8.0,17.0,12.0,20560.0,9.8,85.7,4.4,0.1,8.0,0.0,1.7
49048,6.0,2.0,1.0,3.0,25020.0,19.2,67.9,21.7,0.3,2.3,0.3,7.5
49345,6.0,7.0,15.0,4.0,15104.0,9.8,97.9,0.5,0.0,0.3,0.0,1.2000000000000002
48105,6.0,8.0,14.0,2.0,33312.0,17.6,58.5,6.4,0.2,30.8,0.0,4.2
49519,6.0,11.0,14.0,8.0,28562.0,9.4,74.5,8.1,1.0,4.1,0.0,12.3
48809,6.0,6.0,16.0,8.0,10608.0,14.3,95.9,0.0,0.0,0.1,0.0,3.9
48439,6.0,7.0,10.0,6.0,48375.0,7.0,84.2,10.2,0.2,3.2,0.0,2.3000000000000003
48134,6.0,5.0,7.0,12.0,21908.0,10.7,88.0,6.6,0.2,1.4,0.0,3.8
48065,6.0,7.0,10.0,3.0,11002.0,5.9,93.3,2.8,0.0,1.3,0.0,2.6
49770,6.0,1.0,3.0,1.0,16748.0,8.1,93.7,0.7,1.9,0.7,0.2,2.9000000000000004
48430,6.0,4.0,9.0,1.0,35617.0,6.9,95.8,1.1,0.2,0.3,0.0,2.7
49009,6.0,,1.0,3.0,44869.0,10.6,83.9,7.2,0.2,3.6,0.1,5.1000000000000005
48187,6.0,3.0,5.0,2.0,49818.0,6.6,71.6,7.9,0.1,16.5,0.0,3.9
49801,6.0,1.0,8.0,1.0,11121.0,10.2,97.8,0.9,0.1,0.4,0.0,0.7
48836,6.0,4.0,9.0,4.0,13917.0,7.2,95.8,0.1,1.1,0.7,0.0,2.3
48846,6.0,4.0,6.0,3.0,16863.0,16.7,83.6,12.6,0.3,0.3,0.0,3.2
48342,6.0,5.0,8.0,3.0,16645.0,35.7,26.5,65.3,0.2,0.9,0.0,7.2
48507,6.0,,7.0,,30484.0,28.9,69.2,26.4,0.2,0.5,0.0,3.6
48079,6.0,1.0,7.0,3.0,12142.0,6.4,96.4,0.4,0.1,1.4,0.0,1.6
49868,6.0,6.0,12.0,4.0,4228.0,17.5,76.0,8.1,7.6,0.6,0.2,7.5
49082,6.0,,2.0,8.0,5941.0,11.8,98.8,0.2,0.1,0.1,0.0,0.9
49079,5.0,2.0,2.0,3.0,13021.0,11.1,93.3,0.9,0.4,0.4,0.0,5.0
48377,5.0,1.0,3.0,,16628.0,3.6,62.7,11.3,0.7,22.0,0.0,3.2
49267,5.0,2.0,4.0,,3967.0,4.6,95.3,1.4,0.0,1.4,0.0,2.0
49456,5.0,7.0,10.0,5.0,19276.0,5.6,95.4,0.6,0.4,1.2,0.0,2.4
48416,5.0,,4.0,3.0,5130.0,14.7,97.5,0.1,0.1,0.2,0.0,2.1
48359,5.0,8.0,11.0,1.0,9695.0,8.1,83.2,6.0,0.6,5.5,0.0,4.7
48036,5.0,5.0,8.0,2.0,21122.0,15.7,71.5,21.6,1.2,2.4,0.0,3.3000000000000003
48185,5.0,1.0,3.0,,47226.0,15.1,73.5,17.1,0.4,6.1,0.0,2.9
48073,5.0,7.0,11.0,3.0,34420.0,7.0,89.4,4.2,0.1,4.7,0.1,1.5
48162,5.0,4.0,4.0,2.0,27087.0,12.9,93.1,3.8,0.3,0.3,0.0,2.5
48203,5.0,2.0,4.0,3.0,22711.0,39.4,7.1,90.2,0.1,0.2,0.1,2.4
49534,5.0,4.0,9.0,4.0,21803.0,6.2,92.7,1.7,0.1,2.4,0.0,3.1
49316,5.0,7.0,8.0,5.0,23192.0,5.6,90.4,2.7,0.1,3.8,0.0,3.0
49404,5.0,6.0,8.0,1.0,8517.0,7.0,94.8,0.1,1.0,0.4,0.0,3.8
48152,5.0,5.0,6.0,3.0,30849.0,6.4,87.4,5.3,0.2,4.7,0.0,2.4000000000000004
48045,5.0,4.0,13.0,6.0,24865.0,9.0,87.4,9.4,0.0,1.1,0.0,2.1
48854,5.0,3.0,9.0,2.0,19172.0,7.6,93.0,2.5,0.2,1.8,0.0,2.5
48168,5.0,7.0,30.0,37.0,22825.0,1.6,78.7,2.3,0.2,15.7,0.0,3.2
48842,5.0,2.0,5.0,,21877.0,11.6,82.8,7.4,0.2,4.2,0.0,5.3
49002,5.0,2.0,5.0,2.0,20510.0,8.7,87.7,4.9,0.5,1.7,0.0,5.1
48205,5.0,2.0,4.0,1.0,33108.0,25.8,3.6,94.6,0.2,0.7,0.1,0.8999999999999999
49419,5.0,6.0,8.0,2.0,8583.0,6.9,97.1,0.1,0.0,0.1,0.0,2.7
48755,5.0,7.0,10.0,12.0,2968.0,9.1,96.0,1.1,0.3,0.4,0.0,2.2
48801,5.0,4.0,9.0,1.0,11077.0,20.7,95.7,2.2,0.6,0.5,0.0,1.0
49042,5.0,6.0,7.0,,4705.0,12.3,95.1,0.1,0.0,0.6,0.0,4.1000000000000005
48179,5.0,,3.0,3.0,3676.0,10.3,92.3,2.4,0.8,1.4,0.0,3.1
48216,5.0,,3.0,,5297.0,33.1,47.5,41.8,0.5,1.2,0.0,8.9
48750,5.0,4.0,8.0,,8573.0,15.6,94.3,1.1,1.0,1.1,0.0,2.5
48335,5.0,5.0,9.0,8.0,22899.0,6.5,49.3,16.9,0.0,29.0,0.2,4.5
49544,5.0,,5.0,1.0,10169.0,12.0,87.1,4.8,0.1,2.5,0.0,5.6
49611,4.0,4.0,5.0,,285.0,20.7,100.0,0.0,0.0,0.0,0.0,0.0
48625,4.0,1.0,5.0,1.0,12921.0,25.6,95.8,0.7,0.7,0.2,0.0,2.6
49615,4.0,7.0,8.0,,3740.0,8.0,97.9,0.4,0.5,0.4,0.0,0.8
49106,4.0,8.0,8.0,5.0,4814.0,5.6,96.5,1.1,0.0,0.7,0.0,1.7
48603,4.0,2.0,3.0,1.0,26085.0,10.8,80.2,9.7,0.4,4.7,0.0,5.0
48804,4.0,,4.0,,,,,,,,,
48631,4.0,,4.0,3.0,4121.0,6.8,99.4,0.0,0.0,0.0,0.0,0.6
48529,4.0,3.0,5.0,,9249.0,39.4,84.8,11.9,0.3,0.1,0.0,2.8
49614,4.0,6.0,7.0,,2933.0,14.6,94.7,0.2,1.6,0.1,0.0,3.3000000000000003
48005,4.0,3.0,4.0,2.0,5439.0,4.9,97.0,0.8,0.4,0.2,0.0,1.7
49228,4.0,1.0,4.0,2.0,5280.0,9.4,97.3,0.7,0.5,0.1,0.0,1.4
49461,4.0,5.0,5.0,,8947.0,7.7,92.4,1.5,0.2,1.2,0.0,4.7
49340,4.0,6.0,8.0,8.0,2770.0,18.3,91.0,1.5,0.6,0.4,0.0,6.5
48881,4.0,,3.0,1.0,5558.0,6.6,96.9,0.2,0.1,0.2,0.0,2.5
49349,4.0,3.0,8.0,4.0,7565.0,18.9,92.5,2.3,2.1,0.3,0.0,2.8
48837,4.0,2.0,6.0,4.0,19592.0,7.9,94.5,0.7,0.1,0.7,0.1,3.8
48823,4.0,4.0,9.0,3.0,47784.0,34.6,76.8,6.1,0.2,12.3,0.0,4.5
49685,4.0,,1.0,,,,,,,,,
49286,4.0,,3.0,1.0,14560.0,6.8,95.9,0.4,0.4,0.3,0.1,2.8000000000000003
49428,4.0,3.0,3.0,1.0,27430.0,5.1,94.2,0.9,0.3,0.8,0.0,3.7
49285,4.0,,4.0,1.0,5708.0,9.1,96.6,0.6,0.5,0.9,0.0,1.4
49437,4.0,4.0,6.0,4.0,6841.0,9.9,96.2,0.7,1.2,0.0,0.0,2.0
48732,4.0,11.0,14.0,10.0,10949.0,16.0,94.0,2.5,0.2,0.3,0.0,3.0
49445,4.0,4.0,5.0,1.0,21506.0,6.8,94.0,1.5,0.4,0.5,0.0,3.6
48723,4.0,9.0,12.0,7.0,11599.0,16.0,96.1,1.3,0.5,0.4,0.0,1.7000000000000002
49252,4.0,1.0,3.0,,2372.0,16.2,96.8,0.3,1.5,0.0,0.0,1.4
49250,4.0,1.0,3.0,4.0,6135.0,15.4,94.8,1.2,1.0,0.5,0.0,2.4
48763,4.0,,4.0,,4670.0,12.2,95.5,1.1,0.4,0.4,0.0,2.5
48461,4.0,,4.0,2.0,8217.0,10.0,98.4,0.4,0.1,0.0,0.0,1.1
48506,4.0,,2.0,,28752.0,31.2,79.0,12.5,1.0,0.2,0.0,7.4
48234,4.0,3.0,5.0,4.0,34105.0,34.2,3.6,94.1,0.2,0.2,0.0,1.9
48371,4.0,,4.0,1.0,25407.0,5.1,95.6,0.5,0.0,1.6,0.0,2.2
48340,4.0,2.0,9.0,4.0,25330.0,31.3,51.6,34.1,0.4,2.7,0.1,10.9
49720,4.0,6.0,10.0,7.0,8568.0,10.4,94.7,0.8,2.4,0.3,0.0,1.8
49721,4.0,2.0,5.0,1.0,13888.0,14.1,91.7,1.3,2.5,0.6,0.0,3.9
48329,4.0,1.0,2.0,1.0,24255.0,6.9,90.4,3.7,0.7,1.6,0.0,3.7
48328,4.0,4.0,5.0,,26059.0,13.1,80.9,7.6,0.5,2.9,0.1,8.1
48038,4.0,2.0,6.0,2.0,43253.0,7.9,80.9,13.6,0.4,2.6,0.0,2.6
48317,4.0,,3.0,5.0,28529.0,8.1,84.8,3.7,0.1,7.8,0.2,3.2
48316,4.0,6.0,10.0,1.0,27818.0,6.3,93.5,1.0,0.1,2.8,0.0,2.6
48307,4.0,4.0,5.0,,43201.0,6.8,80.5,4.5,0.2,11.9,0.0,3.0
48239,4.0,4.0,5.0,,36093.0,18.1,45.7,49.5,0.4,0.5,0.0,4.0
48220,4.0,5.0,6.0,3.0,22422.0,10.6,78.9,14.7,0.8,1.1,0.0,4.5
49664,4.0,,5.0,1.0,1824.0,5.9,96.2,0.4,1.1,1.0,0.0,1.3
48215,4.0,4.0,5.0,7.0,11633.0,40.2,9.7,87.8,0.0,0.3,0.0,2.2
49788,4.0,2.0,7.0,2.0,3499.0,43.4,45.4,27.5,15.1,1.6,0.0,10.4
48193,4.0,5.0,6.0,7.0,15208.0,11.4,87.0,6.6,0.1,4.0,0.0,2.3
48164,4.0,5.0,7.0,1.0,8713.0,4.1,96.0,1.2,0.3,0.9,0.0,1.6
49854,4.0,6.0,5.0,1.0,6161.0,17.3,85.6,0.4,8.1,0.4,0.0,5.5
48130,4.0,2.0,4.0,1.0,15741.0,4.7,93.6,0.8,0.2,2.0,0.0,3.5
48122,4.0,1.0,4.0,2.0,10337.0,23.6,68.2,16.2,0.2,1.6,0.0,13.7
49911,4.0,,2.0,,2721.0,17.2,96.9,1.4,0.4,0.7,0.0,0.5
49931,4.0,,8.0,,7559.0,32.6,85.1,2.2,0.5,9.1,0.1,3.2
49938,4.0,1.0,4.0,,7257.0,17.2,95.1,2.3,0.7,0.2,0.1,1.5
48075,4.0,3.0,4.0,,21024.0,9.8,20.3,73.4,0.1,1.2,0.0,4.9
48375,4.0,13.0,12.0,4.0,21844.0,2.8,63.6,6.6,0.4,24.7,0.1,4.6
49753,4.0,5.0,5.0,,2075.0,8.2,99.0,0.1,0.0,0.0,0.0,0.9
48444,4.0,,2.0,1.0,9701.0,14.9,94.2,0.1,0.5,0.2,0.0,5.0
49649,4.0,7.0,11.0,1.0,6627.0,8.3,93.0,2.0,0.8,0.8,0.0,3.3
48470,4.0,,4.0,2.0,743.0,7.9,98.4,1.1,0.0,0.3,0.0,0.3
49126,4.0,,1.0,1.0,1223.0,14.8,85.1,3.7,0.3,0.0,0.0,10.9
48475,4.0,4.0,7.0,1.0,2510.0,11.4,99.6,0.3,0.0,0.0,0.0,0.1
49071,3.0,2.0,3.0,,10108.0,8.3,91.7,1.1,0.0,1.5,0.0,5.6
48912,3.0,,3.0,1.0,17305.0,24.2,69.1,17.8,0.8,3.3,0.2,9.0
48042,3.0,4.0,5.0,3.0,31441.0,5.3,92.7,2.4,0.1,3.3,0.0,1.4
48176,3.0,7.0,6.0,3.0,23439.0,5.3,88.1,1.8,0.3,4.6,0.0,5.1
48471,3.0,3.0,4.0,2.0,5067.0,14.8,95.7,1.2,0.1,0.7,0.0,2.3
49330,3.0,,1.0,,5543.0,12.1,94.5,1.9,0.1,0.0,0.0,3.5
48895,3.0,1.0,4.0,2.0,11420.0,4.1,95.8,0.8,0.1,0.9,0.0,2.4
49333,3.0,3.0,8.0,1.0,11509.0,5.4,96.4,0.4,0.2,0.3,0.0,2.8
49802,3.0,4.0,9.0,12.0,5706.0,19.8,90.2,0.9,3.2,1.2,0.0,4.4
48427,3.0,3.0,3.0,1.0,2667.0,16.0,97.2,0.2,0.5,0.1,0.0,1.9
49935,3.0,,5.0,,5826.0,13.4,95.4,0.4,2.8,0.4,0.0,0.9
49076,3.0,6.0,6.0,,4005.0,11.1,93.1,3.4,0.7,0.1,0.0,2.6
49612,3.0,6.0,6.0,,1327.0,14.8,96.5,0.0,0.4,0.3,0.0,2.8
48207,3.0,5.0,6.0,1.0,20439.0,33.6,17.7,77.5,0.3,2.2,0.0,2.3
49779,3.0,1.0,3.0,,4326.0,15.2,96.6,0.4,0.6,0.7,0.0,1.8
48213,3.0,,3.0,1.0,21811.0,39.4,2.5,97.0,0.2,0.1,0.0,0.3
49242,3.0,5.0,7.0,,13384.0,20.0,95.9,1.2,0.1,0.9,0.0,1.9
48619,3.0,6.0,5.0,,549.0,11.3,97.3,0.0,0.0,0.0,0.0,2.8
49622,3.0,5.0,5.0,,2474.0,12.6,98.4,0.0,0.4,0.3,0.0,0.8
48227,3.0,,,,41156.0,34.3,1.5,96.4,0.3,0.0,0.0,1.7
48849,3.0,,4.0,2.0,5924.0,7.4,93.3,2.6,0.5,0.7,0.0,2.9
48186,3.0,1.0,3.0,3.0,33881.0,13.4,75.4,17.8,0.5,2.5,0.0,3.8
49840,3.0,3.0,4.0,1.0,603.0,9.0,93.4,0.0,5.1,0.2,0.0,1.3
49639,3.0,5.0,6.0,,2206.0,16.4,95.4,0.4,0.3,0.0,0.0,3.9
48093,3.0,3.0,10.0,10.0,24192.0,10.9,74.0,17.4,0.3,5.6,0.1,2.8
49913,3.0,,3.0,,6506.0,17.6,94.9,0.6,0.3,0.2,0.0,4.0
49040,3.0,,,,3229.0,13.4,98.9,0.0,0.0,0.1,0.0,1.0
49038,3.0,2.0,2.0,,9108.0,15.8,93.5,2.1,0.0,0.2,0.0,4.2
48503,3.0,3.0,5.0,1.0,25804.0,35.3,44.9,49.0,0.1,1.1,0.0,4.9
48101,3.0,2.0,2.0,1.0,26914.0,7.7,91.1,2.5,0.1,0.9,0.0,5.5
49053,3.0,2.0,2.0,3.0,7499.0,9.3,91.8,2.7,0.2,1.2,0.0,4.1
49028,3.0,,2.0,1.0,6166.0,15.4,95.2,0.2,0.2,0.2,0.2,3.9
48098,3.0,,2.0,,19209.0,3.9,67.7,2.2,0.4,26.9,0.0,2.8000000000000003
48118,3.0,5.0,5.0,,12479.0,2.9,96.0,1.0,0.1,0.9,0.0,2.1
48096,3.0,,2.0,,4010.0,8.1,99.6,0.1,0.0,0.0,0.0,0.2
48602,3.0,2.0,2.0,1.0,29282.0,29.9,67.2,21.4,0.5,0.5,0.0,10.3
48133,3.0,,,,5212.0,11.1,94.8,2.1,0.0,0.0,0.0,3.1
49862,3.0,5.0,8.0,2.0,4132.0,10.5,77.7,13.2,5.2,0.1,0.0,3.8
49008,3.0,3.0,6.0,2.0,15548.0,19.4,80.5,9.7,0.2,3.2,0.0,6.4
48158,3.0,4.0,5.0,,7547.0,5.9,96.8,1.2,0.6,0.3,0.0,1.0
48160,3.0,1.0,4.0,1.0,12232.0,4.2,87.0,8.4,0.3,0.5,0.0,3.7
49617,3.0,,2.0,,2998.0,6.2,99.0,0.5,0.2,0.1,0.0,0.1
48166,3.0,5.0,5.0,,11751.0,19.3,93.3,3.4,0.3,0.4,0.0,2.6
49841,3.0,6.0,8.0,1.0,7253.0,19.7,92.0,1.1,1.9,0.8,0.0,4.2
48228,3.0,2.0,6.0,2.0,55682.0,39.0,19.5,75.5,0.5,0.1,0.0,4.4
48847,3.0,2.0,5.0,2.0,5757.0,16.8,95.1,0.9,1.8,0.1,0.0,2.1
48757,3.0,2.0,2.0,,3735.0,10.1,97.1,0.6,0.5,0.3,0.0,1.6
48047,3.0,,8.0,1.0,40321.0,4.6,89.9,5.3,0.4,1.2,0.0,3.2
49097,3.0,2.0,3.0,5.0,11072.0,6.3,97.8,0.2,0.2,0.3,0.0,1.6
48336,3.0,2.0,3.0,2.0,25551.0,9.7,71.6,19.9,0.3,5.4,0.0,2.8
48746,3.0,2.0,4.0,,7878.0,11.7,96.7,0.2,0.4,0.8,0.0,1.9
48733,3.0,,,1.0,1577.0,7.9,95.8,1.6,0.6,0.0,0.0,2.0
48346,3.0,3.0,3.0,5.0,23666.0,7.8,88.7,5.3,0.1,1.9,0.0,4.0
49098,3.0,3.0,6.0,1.0,5748.0,20.1,87.9,5.0,0.6,0.5,0.0,6.0
49712,3.0,6.0,8.0,4.0,7970.0,6.1,95.4,0.2,1.1,0.9,0.2,2.1
49107,3.0,3.0,4.0,,10378.0,9.3,88.1,6.1,0.7,0.2,0.0,4.9
49655,3.0,6.0,7.0,3.0,3507.0,15.4,98.2,0.4,0.2,0.0,0.0,1.2000000000000002
49686,3.0,,1.0,,32914.0,10.0,94.7,1.2,0.6,0.4,0.0,3.1
48381,3.0,8.0,11.0,4.0,13407.0,7.3,94.9,0.8,0.5,1.3,0.0,2.5
48667,3.0,,12.0,3.0,0.0,,,,,,,
49677,3.0,4.0,9.0,,7028.0,17.3,96.1,1.8,0.2,0.2,0.0,1.7000000000000002
49455,3.0,2.0,3.0,,4796.0,15.4,94.3,0.8,1.2,0.1,0.0,3.5
49112,3.0,,1.0,3.0,9889.0,7.4,94.3,0.6,0.4,1.3,0.0,3.4000000000000004
48048,3.0,5.0,6.0,4.0,7922.0,9.4,87.1,6.5,0.1,0.0,0.0,6.3
49127,3.0,,1.0,,10677.0,6.5,91.9,3.2,0.1,2.5,0.0,2.4
49665,3.0,4.0,5.0,2.0,4134.0,20.4,96.9,0.2,1.4,0.3,0.0,1.1
48650,3.0,,2.0,1.0,6951.0,8.4,97.5,0.6,0.3,0.0,0.0,1.6
48759,3.0,6.0,7.0,6.0,3181.0,11.9,98.0,1.1,0.0,0.2,0.0,0.8
48108,3.0,7.0,7.0,1.0,26262.0,11.3,64.7,13.9,0.5,14.6,0.1,6.1
48768,3.0,,2.0,2.0,9450.0,16.6,94.2,1.4,0.1,0.1,0.0,4.2
48238,3.0,,2.0,,24961.0,39.1,1.9,96.1,0.2,0.4,0.0,1.4
49090,3.0,2.0,2.0,2.0,14127.0,14.9,83.6,6.9,0.2,1.8,0.0,7.5
48313,3.0,2.0,2.0,1.0,33220.0,9.6,90.5,5.2,0.3,1.8,0.0,2.1
49546,3.0,,3.0,1.0,31907.0,9.2,80.2,9.6,0.5,6.8,0.0,2.9
48039,3.0,2.0,4.0,2.0,7559.0,11.2,98.7,0.0,0.1,0.0,0.0,1.1
49740,3.0,,,,6919.0,5.8,94.2,0.4,2.2,0.7,0.0,2.6
48076,3.0,1.0,1.0,,24543.0,9.8,30.5,63.9,0.2,2.1,0.0,3.4
48817,3.0,4.0,9.0,,5766.0,10.9,95.7,1.8,0.0,0.0,0.0,2.6
48310,3.0,1.0,2.0,2.0,43334.0,13.8,79.6,5.2,0.5,11.3,0.0,3.4
48054,3.0,5.0,7.0,4.0,7012.0,8.2,96.4,0.9,0.0,0.5,0.0,2.1
48237,3.0,,3.0,,29677.0,14.3,37.2,56.1,0.1,1.6,0.0,4.9
49733,3.0,8.0,10.0,1.0,2064.0,17.7,96.3,0.0,0.9,0.0,0.0,2.7
48626,3.0,5.0,7.0,3.0,5817.0,4.8,98.4,0.7,0.0,0.2,0.0,0.7
49946,3.0,4.0,10.0,2.0,3651.0,14.1,82.1,1.6,9.7,0.2,0.0,6.4
49953,3.0,,3.0,,2266.0,11.4,96.4,0.6,0.3,0.0,0.0,2.8000000000000003
49256,2.0,,1.0,,3695.0,18.9,94.8,0.0,0.6,0.5,0.0,4.0
49945,2.0,,6.0,,2533.0,19.7,98.1,0.1,0.7,0.0,0.0,1.0
49240,2.0,,4.0,4.0,9675.0,2.8,97.6,0.2,0.2,1.2,0.0,0.8
49254,2.0,2.0,2.0,,3069.0,5.5,96.2,1.7,0.0,0.0,0.0,2.2
49797,2.0,4.0,5.0,1.0,,,,,,,,
48033,2.0,,,,16621.0,15.4,20.4,70.6,0.2,2.1,0.1,6.5
49971,2.0,4.0,5.0,,478.0,11.3,95.2,0.0,1.7,2.7,0.0,0.4
49969,2.0,1.0,2.0,,1258.0,14.7,70.3,0.6,24.8,2.1,0.2,2.1
49968,2.0,1.0,1.0,,1821.0,19.8,97.4,0.3,0.0,0.8,0.0,1.5
49245,2.0,4.0,1.0,14.0,4677.0,13.0,97.3,0.0,0.6,0.0,0.0,2.1
49630,2.0,,1.0,,1474.0,6.3,97.8,0.3,0.2,0.4,0.0,1.3
49247,2.0,,2.0,,5650.0,9.9,96.7,0.1,0.9,0.1,0.0,2.3
49930,2.0,,3.0,,6817.0,17.8,94.7,0.2,0.3,1.3,0.0,3.5
49230,2.0,,2.0,,10251.0,8.0,94.9,2.5,0.2,0.9,0.0,1.6
49331,2.0,6.0,5.0,7.0,17859.0,7.0,95.5,0.9,0.0,0.3,0.0,3.3
49274,2.0,,2.0,1.0,3337.0,16.9,99.0,0.2,0.1,0.0,0.0,0.7
49747,2.0,2.0,3.0,,1948.0,14.1,96.7,0.1,0.0,0.5,0.2,2.5
49420,2.0,,1.0,1.0,6144.0,16.4,91.5,3.2,1.3,0.2,0.1,3.9
49640,2.0,,1.0,1.0,1598.0,10.1,93.1,0.3,4.6,0.1,0.6,1.3
49426,2.0,2.0,4.0,1.0,37398.0,3.6,94.4,0.9,0.1,1.6,0.0,3.1
49525,2.0,,,,29261.0,8.1,89.6,3.6,0.0,2.9,0.0,3.8
49643,2.0,,3.0,4.0,6908.0,6.1,97.8,0.7,0.5,0.3,0.1,0.6
49645,2.0,,1.0,,1603.0,19.0,91.3,3.0,0.7,0.1,0.2,4.7
49713,2.0,6.0,7.0,,2091.0,9.9,95.6,0.5,1.3,0.0,0.0,2.6
49355,2.0,4.0,5.0,,,,,,,,,
49688,2.0,2.0,3.0,,2493.0,15.0,97.6,0.4,0.2,0.2,0.0,1.7
49446,2.0,2.0,3.0,1.0,2459.0,10.6,96.1,1.3,0.3,0.6,0.0,1.8
49449,2.0,,1.0,,2656.0,9.5,97.2,0.0,0.1,0.1,0.0,2.7
49451,2.0,8.0,9.0,7.0,6003.0,11.0,97.4,0.4,0.4,0.4,0.0,1.4
49676,2.0,,,,3675.0,17.3,95.0,1.3,2.0,0.4,0.0,1.4
49668,2.0,,1.0,,3379.0,18.8,95.3,0.1,0.9,1.0,0.1,2.5
49666,2.0,2.0,4.0,,245.0,0.0,100.0,0.0,0.0,0.0,0.0,0.0
48855,2.0,1.0,,2.0,15596.0,5.0,95.2,0.5,0.1,1.6,0.0,2.7
49749,2.0,,,,3931.0,12.2,95.7,0.5,0.4,0.0,0.0,3.5
49908,2.0,,3.0,1.0,2370.0,17.8,55.4,21.3,13.7,0.8,0.1,8.7
49412,2.0,3.0,5.0,9.0,11150.0,17.9,92.7,1.2,0.9,0.6,0.0,4.6
49302,2.0,,,,8701.0,2.1,97.1,0.0,0.4,0.5,0.0,2.0
49304,2.0,,2.0,,3602.0,24.4,74.6,17.4,1.1,0.1,0.3,6.5
49631,2.0,4.0,5.0,1.0,6137.0,19.8,95.1,0.9,1.8,0.5,0.0,1.6
49892,2.0,,3.0,,1874.0,10.0,96.9,0.1,1.0,0.4,0.0,1.6
49876,2.0,3.0,7.0,1.0,1198.0,5.2,100.0,0.0,0.0,0.0,0.0,0.0
49634,2.0,8.0,14.0,,57.0,0.0,100.0,0.0,0.0,0.0,0.0,0.0
49327,2.0,,,,8436.0,13.8,91.1,0.5,0.4,0.7,0.0,7.4
49329,2.0,3.0,3.0,1.0,8643.0,10.3,97.2,0.3,0.8,0.3,0.0,1.5
49657,2.0,5.0,6.0,3.0,3607.0,9.4,97.0,0.5,0.1,0.0,0.0,2.5
49337,2.0,4.0,5.0,1.0,11988.0,16.8,94.7,0.9,0.3,0.1,0.1,3.7
49341,2.0,3.0,5.0,2.0,37432.0,4.4,95.2,0.7,0.1,1.2,0.0,2.8
49795,2.0,3.0,3.0,,1925.0,17.7,97.8,0.0,0.6,0.2,0.2,1.3
49401,2.0,3.0,3.0,,20327.0,35.0,88.4,3.6,0.6,1.6,0.1,5.7
49625,2.0,4.0,4.0,,1103.0,12.1,97.4,0.0,1.2,0.1,0.0,1.3
49405,2.0,,2.0,,1563.0,13.2,94.4,3.9,1.3,0.0,0.0,0.4
49651,2.0,,1.0,,7770.0,16.8,95.5,0.8,0.7,0.3,0.0,2.8000000000000003
48891,2.0,2.0,3.0,,2798.0,13.5,98.1,0.5,0.2,0.1,0.1,1.0
49125,2.0,,,2.0,2243.0,8.9,99.3,0.0,0.0,0.0,0.0,0.6000000000000001
48612,2.0,,4.0,,8726.0,17.1,97.6,0.0,0.7,0.0,0.0,1.6
48382,2.0,,1.0,,23471.0,3.8,91.2,2.1,0.2,3.2,0.0,3.3
48413,2.0,1.0,1.0,,6929.0,14.0,95.7,0.2,0.1,1.3,0.0,2.7
48420,2.0,,3.0,1.0,21146.0,12.0,94.9,1.4,0.5,0.3,0.1,2.8
48422,2.0,4.0,4.0,3.0,6551.0,11.6,92.5,0.3,1.0,0.2,0.0,6.0
48423,2.0,,3.0,1.0,31710.0,11.5,93.3,2.2,0.3,1.4,0.1,2.7
48429,2.0,1.0,5.0,,8764.0,13.5,95.1,0.0,0.6,0.5,0.0,3.8
48441,2.0,4.0,7.0,4.0,4004.0,12.7,96.0,0.8,0.8,0.9,0.0,1.5
48449,2.0,5.0,7.0,1.0,2853.0,9.4,95.4,0.7,0.1,0.1,0.0,3.7
48458,2.0,1.0,3.0,,18363.0,24.3,71.6,21.6,0.6,0.4,0.0,5.7
48466,2.0,,,,1464.0,9.6,94.2,2.4,0.0,0.1,0.0,3.3000000000000003
48472,2.0,,,,1726.0,12.4,98.6,0.6,0.0,0.3,0.0,0.5
48504,2.0,,2.0,,26163.0,35.6,28.0,67.0,0.2,0.5,0.0,4.3
48509,2.0,,1.0,,9322.0,10.4,90.5,4.3,0.0,2.1,0.0,3.0
48617,2.0,2.0,3.0,1.0,9070.0,18.0,98.0,0.2,0.5,0.1,0.0,1.2000000000000002
48829,2.0,,1.0,1.0,3341.0,21.9,97.5,0.0,1.8,0.0,0.0,0.5
48622,2.0,3.0,5.0,4.0,5762.0,13.3,97.0,1.2,0.6,0.2,0.0,0.8999999999999999
48624,2.0,,2.0,1.0,15551.0,17.9,96.8,0.5,0.3,0.8,0.0,1.6
48629,2.0,,4.0,,7460.0,18.4,98.3,0.0,0.4,0.1,0.0,1.2
48634,2.0,2.0,2.0,,4278.0,9.3,99.1,0.0,0.4,0.0,0.0,0.5
48653,2.0,1.0,1.0,,9876.0,13.8,95.0,0.2,1.3,0.0,0.0,3.5
48654,2.0,3.0,3.0,,2102.0,17.8,97.4,0.4,1.0,0.0,0.0,1.1
48657,2.0,,1.0,2.0,7871.0,11.2,97.2,0.7,0.2,0.0,0.0,2.0
48724,2.0,4.0,5.0,1.0,544.0,41.7,86.4,13.6,0.0,0.0,0.0,0.0
48726,2.0,,3.0,5.0,5694.0,13.4,98.1,0.6,0.2,0.3,0.0,0.7
48748,2.0,1.0,1.0,,1658.0,19.6,98.1,0.5,0.1,0.1,0.0,1.2
48762,2.0,2.0,4.0,,1097.0,20.3,95.4,0.3,0.0,0.0,2.9,1.5
48770,2.0,,3.0,1.0,1768.0,21.2,99.0,0.0,0.1,0.0,0.0,0.8999999999999999
48811,2.0,4.0,5.0,3.0,3220.0,12.1,75.8,19.9,0.3,0.2,0.1,3.7
48380,2.0,4.0,6.0,3.0,7338.0,2.5,96.7,0.8,0.3,0.8,0.0,1.4
48374,2.0,1.0,2.0,,16589.0,6.0,66.5,4.4,0.2,26.1,0.0,2.7
48362,2.0,,5.0,1.0,15654.0,4.7,93.5,1.4,0.0,2.2,0.1,2.8
48357,2.0,,,,8347.0,6.4,95.8,0.6,0.4,0.7,0.0,2.5
48006,2.0,3.0,4.0,,4028.0,10.7,96.6,0.4,0.0,0.3,0.0,2.7
48014,2.0,9.0,8.0,1.0,4097.0,7.9,92.0,0.2,0.1,0.0,0.0,7.6
48021,2.0,,,,32205.0,16.2,45.6,47.9,1.3,0.8,0.0,4.3
48023,2.0,2.0,3.0,3.0,5094.0,7.8,98.4,1.0,0.1,0.0,0.0,0.6000000000000001
48030,2.0,,1.0,,16443.0,22.6,78.8,13.3,0.4,1.4,0.1,6.0
48059,2.0,2.0,3.0,,14634.0,13.9,95.5,0.9,0.1,0.5,0.0,3.0
48063,2.0,3.0,5.0,1.0,3993.0,4.0,95.0,2.6,0.0,0.0,0.0,2.4
48064,2.0,4.0,5.0,6.0,4036.0,7.6,97.2,0.2,0.2,1.6,0.0,0.9
48067,2.0,,1.0,1.0,24510.0,6.1,90.6,3.0,0.0,3.4,0.0,3.0
48081,2.0,,3.0,2.0,20448.0,6.4,94.2,3.1,0.1,0.5,0.0,2.0
48085,2.0,,5.0,1.0,26304.0,3.0,74.6,3.3,0.9,19.3,0.0,1.8
48095,2.0,8.0,8.0,1.0,5765.0,2.8,94.3,0.9,0.1,2.3,0.0,2.4
48104,2.0,,1.0,,40120.0,35.0,78.3,4.7,0.2,12.6,0.1,4.1
48114,2.0,,1.0,,21150.0,3.7,97.2,1.3,0.2,0.4,0.0,0.7999999999999999
48117,2.0,4.0,5.0,4.0,9995.0,7.4,95.3,2.2,0.4,0.2,0.0,1.8
48145,2.0,,1.0,,3334.0,4.9,98.7,0.1,0.1,0.2,0.0,0.7
48188,2.0,6.0,6.0,,41838.0,5.8,63.2,10.9,0.4,22.1,0.0,3.5
48189,2.0,,1.0,1.0,13646.0,8.1,95.7,0.8,0.2,0.7,0.0,2.6
48201,2.0,1.0,2.0,,14896.0,50.8,27.4,58.3,0.2,9.6,0.1,4.4
48223,2.0,1.0,2.0,,25639.0,29.1,7.6,88.2,0.6,0.4,0.0,3.2
48229,2.0,4.0,16.0,33.0,9404.0,33.3,39.8,41.3,2.4,0.0,1.1,15.4
48235,2.0,3.0,3.0,2.0,45722.0,31.2,2.1,95.8,0.3,0.2,0.0,1.7
48242,2.0,3.0,3.0,,0.0,,,,,,,
48304,2.0,1.0,3.0,,15859.0,3.9,81.9,7.3,0.3,7.5,0.0,3.1
48322,2.0,2.0,3.0,,32256.0,5.6,66.2,18.5,0.4,11.6,0.0,3.3000000000000003
48331,2.0,3.0,4.0,,21353.0,4.8,70.2,16.0,0.0,11.3,0.0,2.4
48356,2.0,4.0,4.0,,8694.0,4.2,97.9,0.6,0.1,0.3,0.0,1.1
48821,2.0,1.0,3.0,1.0,5720.0,3.4,88.8,2.7,0.4,3.5,0.0,4.6
48457,2.0,4.0,6.0,2.0,8021.0,14.1,94.8,1.5,0.8,0.2,0.0,2.7
49045,2.0,,2.0,1.0,5289.0,20.0,82.4,2.4,6.5,0.7,0.0,8.1
48877,2.0,,3.0,1.0,2459.0,16.7,96.9,0.1,0.4,0.5,0.0,2.0
49004,2.0,,,,16279.0,13.9,84.2,10.4,0.2,0.9,0.0,4.4
49006,2.0,3.0,3.0,1.0,24556.0,36.4,74.0,14.4,0.2,4.0,0.0,7.5
49072,2.0,1.0,1.0,,2942.0,8.1,97.8,0.6,0.1,0.3,0.0,1.1
49080,2.0,2.0,2.0,,15708.0,11.5,94.5,0.9,0.3,0.0,0.0,4.4
48888,2.0,2.0,1.0,,5909.0,12.0,97.6,0.7,0.1,0.1,0.0,1.5
49057,2.0,,1.0,8.0,6415.0,24.3,77.4,0.9,1.7,0.2,0.1,19.7
49083,2.0,1.0,1.0,2.0,7894.0,3.9,95.6,0.4,0.0,1.9,0.2,1.9
48880,2.0,6.0,7.0,1.0,6116.0,12.1,76.3,18.8,0.6,0.6,0.2,3.6
49094,2.0,,,,4004.0,18.4,97.4,0.1,0.2,0.6,0.0,1.6
49031,2.0,7.0,3.0,7.0,7471.0,15.6,80.8,13.5,0.9,0.8,0.0,4.0
49043,2.0,6.0,8.0,4.0,2099.0,32.4,53.0,23.8,0.2,0.3,0.0,22.700000000000003
48933,2.0,4.0,6.0,,2636.0,39.9,48.1,34.2,1.2,3.3,0.5,12.6
49103,2.0,,,,9301.0,19.5,70.0,14.7,0.9,6.7,0.0,7.5
48856,2.0,,1.0,,801.0,16.1,96.5,0.0,0.0,0.0,0.0,3.5
48875,2.0,1.0,3.0,2.0,10432.0,4.6,95.0,1.7,0.0,1.0,0.1,2.2
48866,2.0,2.0,3.0,,4828.0,7.8,97.3,0.7,0.3,0.8,0.0,0.8999999999999999
49269,1.0,2.0,3.0,,6125.0,9.0,97.4,0.5,0.3,0.0,0.0,1.7000000000000002
49752,1.0,1.0,3.0,1.0,755.0,18.9,81.4,10.1,7.8,0.0,0.0,0.8
49821,1.0,,1.0,,1217.0,5.8,97.2,0.1,0.6,0.2,0.0,2.0
48178,1.0,1.0,1.0,,35315.0,3.5,94.3,0.6,0.1,2.3,0.0,2.6
48177,1.0,1.0,1.0,,229.0,0.0,100.0,0.0,0.0,0.0,0.0,0.0
49055,1.0,,,,6253.0,10.4,94.6,0.5,0.5,0.2,0.2,4.0
48169,1.0,,1.0,,21767.0,5.0,97.7,0.4,0.1,1.0,0.0,0.9
49812,1.0,,2.0,1.0,875.0,10.2,97.7,1.5,0.7,0.0,0.0,0.1
48167,1.0,,,,22347.0,4.9,78.4,6.1,0.5,11.3,0.0,3.7
48159,1.0,2.0,2.0,,2615.0,4.6,95.7,1.7,0.0,0.8,0.0,1.8
48157,1.0,,,,1183.0,27.6,96.4,0.0,0.0,0.2,0.2,3.2
48154,1.0,,,,36432.0,4.6,91.2,3.8,0.1,2.6,0.0,2.2
48236,1.0,2.0,2.0,1.0,29349.0,5.2,87.0,9.3,0.1,2.0,0.0,1.7
48146,1.0,,,,36561.0,20.4,77.7,8.7,0.5,0.5,0.0,12.6
49064,1.0,2.0,1.0,2.0,3818.0,13.5,86.7,0.8,0.1,0.1,0.0,12.3
49814,1.0,,1.0,,1358.0,13.0,96.0,0.0,1.0,0.0,0.1,2.8000000000000003
49807,1.0,,2.0,,3569.0,6.9,95.0,0.1,1.7,0.6,0.0,2.5
48224,1.0,1.0,1.0,1.0,40946.0,34.4,8.8,88.5,0.4,0.2,0.0,2.0
49777,1.0,,2.0,,1735.0,3.2,98.8,0.0,0.0,0.9,0.0,0.3
49768,1.0,,,,448.0,28.3,91.3,0.2,3.8,0.0,0.0,4.7
49769,1.0,,,,1657.0,11.2,87.6,0.7,6.0,0.7,0.0,4.9
48219,1.0,,,,47071.0,29.9,6.3,91.1,0.4,0.4,0.0,1.7999999999999998
49759,1.0,2.0,2.0,,1509.0,11.2,95.0,0.9,0.5,0.8,0.0,2.9
49261,1.0,2.0,2.0,,269.0,36.1,100.0,0.0,0.0,0.0,0.0,0.0
49774,1.0,,2.0,,1764.0,12.6,91.5,0.1,4.0,0.4,0.1,3.8
49755,1.0,2.0,3.0,,1964.0,15.9,92.6,0.6,3.5,0.3,0.1,3.0
49760,1.0,,2.0,,647.0,13.8,70.2,0.0,26.3,0.0,0.0,3.6
48210,1.0,,1.0,1.0,29873.0,41.1,61.3,17.3,0.3,0.0,0.0,21.1
48141,1.0,,1.0,,24282.0,33.5,17.9,73.7,1.1,0.6,0.0,6.7
48208,1.0,,,,8904.0,48.8,19.1,76.7,0.2,1.1,0.0,2.9
49259,1.0,,1.0,,2116.0,14.1,97.5,0.6,0.2,0.0,0.0,1.7000000000000002
49061,1.0,,,,1600.0,8.1,98.3,1.0,0.4,0.0,0.0,0.2
48182,1.0,,1.0,,22269.0,6.2,96.4,0.8,0.1,1.2,0.0,1.5
49782,1.0,1.0,1.0,,573.0,9.9,95.3,0.0,3.3,0.0,0.0,1.4
49415,1.0,,1.0,,6879.0,4.8,97.2,0.9,0.1,0.3,0.0,1.5
49870,1.0,,1.0,,3301.0,7.8,95.3,0.1,0.0,0.9,0.0,3.7
48135,1.0,,,,26597.0,9.7,92.0,3.4,0.3,1.7,0.0,2.6
48330,1.0,,2.0,2.0,,,,,,,,
48062,1.0,1.0,1.0,1.0,9411.0,13.8,91.6,0.9,0.0,0.0,2.6,5.0
48659,1.0,1.0,1.0,,2661.0,16.3,97.8,0.0,0.8,0.0,0.0,1.5
48041,1.0,,,,4503.0,6.4,98.6,0.1,0.0,0.0,0.0,1.3
48670,1.0,,1.0,,,,,,,,,
48032,1.0,,1.0,,1872.0,5.7,94.0,1.5,0.5,1.2,0.3,2.5
49095,1.0,,1.0,,2215.0,11.8,85.2,5.5,0.0,2.1,0.0,7.199999999999999
49101,1.0,,1.0,,2821.0,8.8,95.4,0.9,0.0,0.2,0.0,3.6
48901,1.0,,1.0,,,,,,,,,
48017,1.0,4.0,3.0,2.0,11764.0,7.3,93.9,1.2,0.1,1.9,0.0,3.0
49409,1.0,2.0,2.0,,,,,,,,,
49440,1.0,,1.0,,807.0,27.6,80.3,8.1,4.3,1.1,0.0,6.2
48015,1.0,,,,7954.0,9.7,70.2,21.9,0.0,3.9,0.1,3.9
49113,1.0,,,,1731.0,10.0,97.2,0.6,0.2,0.4,0.0,1.6
49711,1.0,,1.0,,,,,,,,,
49734,1.0,2.0,4.0,,,,,,,,,
49128,1.0,3.0,3.0,,3390.0,17.5,97.4,0.3,0.4,0.3,0.0,1.7
48656,1.0,,,,3833.0,21.7,96.9,0.0,0.0,0.3,0.0,2.8
48464,1.0,,,,2148.0,10.8,93.4,0.2,1.6,0.2,0.1,4.5
49087,1.0,,,,6354.0,2.9,95.3,0.6,0.1,0.4,0.0,3.6
49925,1.0,,1.0,,505.0,14.3,94.7,0.6,0.0,0.0,0.0,4.699999999999999
49878,1.0,,,,3344.0,11.0,93.7,0.0,2.3,0.2,0.1,3.7
49881,1.0,4.0,5.0,,298.0,7.7,97.0,0.0,0.0,0.0,0.0,3.0
48128,1.0,1.0,1.0,1.0,10468.0,11.3,96.3,1.8,0.0,0.7,0.0,1.2
48240,1.0,1.0,1.0,,16772.0,15.1,56.7,38.5,0.8,0.4,0.0,3.6
49065,1.0,2.0,1.0,1.0,6282.0,9.2,91.9,1.2,0.2,0.2,0.0,6.6
49070,1.0,,,1.0,2456.0,13.8,99.3,0.0,0.0,0.0,0.0,0.7
48109,1.0,3.0,4.0,1.0,26.0,73.1,66.7,7.4,0.4,21.3,0.0,4.1
49078,1.0,2.0,4.0,1.0,9316.0,10.7,94.5,0.7,0.1,0.6,0.0,4.1
49234,1.0,,,,2631.0,4.3,96.2,0.9,0.2,0.3,0.0,2.5
49934,1.0,,1.0,,831.0,8.5,98.6,0.7,0.3,0.0,0.0,0.3
48092,1.0,3.0,4.0,1.0,26737.0,12.0,73.5,9.1,0.1,14.3,0.1,2.9
48082,1.0,,,,16184.0,7.1,95.5,1.6,0.2,0.4,0.1,2.1
49236,1.0,,,,4696.0,4.6,95.2,1.3,0.3,0.7,0.0,2.4000000000000004
48074,1.0,,,1.0,9133.0,15.7,95.8,0.1,0.2,0.4,0.0,3.5
49959,1.0,,2.0,,342.0,22.5,93.6,5.6,0.0,0.0,0.0,0.9
49960,1.0,,,,157.0,6.4,93.1,0.0,0.0,0.0,0.0,6.9
49893,1.0,,1.0,2.0,1384.0,8.4,99.0,0.1,0.0,0.3,0.0,0.6
49727,1.0,,1.0,,7171.0,13.6,95.9,0.2,0.9,0.6,0.0,2.4000000000000004
48301,1.0,,2.0,,14796.0,3.1,85.4,5.6,0.1,5.4,0.0,3.5
49276,1.0,,1.0,1.0,851.0,10.5,95.2,0.5,0.0,2.5,0.0,1.9
48649,1.0,,,,1253.0,12.7,99.1,0.2,0.4,0.2,0.0,0.2
48647,1.0,2.0,,,4374.0,16.3,96.2,0.7,1.1,0.3,0.0,1.7
49506,1.0,,1.0,1.0,33484.0,8.6,80.0,14.0,0.4,1.4,0.0,4.1
48637,1.0,,1.0,,3116.0,11.0,96.6,0.1,0.6,0.0,0.0,2.7
48886,1.0,,,,1930.0,15.5,91.6,2.2,4.2,0.0,0.0,2.0
48633,1.0,4.0,4.0,,107.0,14.0,100.0,0.0,0.0,0.0,0.0,0.0
48630,1.0,,2.0,,42.0,0.0,100.0,0.0,0.0,0.0,0.0,0.0
49339,1.0,4.0,4.0,4.0,2156.0,7.1,90.6,1.3,0.7,0.1,0.0,7.3
48623,1.0,,1.0,,12075.0,3.9,91.6,4.1,0.6,1.3,0.0,2.4
48890,1.0,,2.0,,2033.0,5.4,95.9,0.0,0.0,0.0,0.0,4.0
48621,1.0,1.0,1.0,,1073.0,16.7,97.6,0.5,0.2,0.0,0.3,1.4
48892,1.0,,1.0,,4724.0,8.8,97.1,0.0,0.0,0.0,0.0,2.9
48893,1.0,,3.0,5.0,5241.0,12.3,96.4,0.0,1.3,0.0,0.0,2.3000000000000003
48611,1.0,,,,6590.0,5.5,99.0,0.0,0.1,0.2,0.0,0.6
48554,1.0,1.0,3.0,,0.0,,,,,,,
48551,1.0,3.0,4.0,,0.0,,,,,,,
49620,1.0,2.0,2.0,4.0,2523.0,7.7,95.8,0.2,0.8,1.0,0.4,1.8
48651,1.0,,1.0,1.0,4692.0,14.6,96.1,0.0,0.7,1.0,0.0,2.3
49343,1.0,,,1.0,5535.0,11.7,98.0,0.6,0.1,0.2,0.0,1.0
49460,1.0,8.0,9.0,1.0,8610.0,6.9,94.8,1.1,0.3,0.6,0.0,3.3000000000000003
48730,1.0,,1.0,2.0,4524.0,13.6,95.8,0.6,1.4,1.1,0.0,1.1
48848,1.0,,2.0,,7386.0,6.6,97.5,1.2,0.1,0.3,0.0,1.0
48822,1.0,,1.0,,2888.0,4.3,93.5,3.4,0.2,0.0,0.0,2.8
49408,1.0,1.0,1.0,,9614.0,12.2,91.6,0.7,0.3,0.4,0.0,7.1
48819,1.0,,1.0,,2738.0,7.5,95.5,0.0,0.7,0.5,0.3,2.9
49406,1.0,,,,710.0,7.2,97.9,0.0,0.4,1.7,0.0,0.0
49403,1.0,,,,2713.0,2.0,97.5,0.1,1.1,0.9,0.0,0.4
48742,1.0,4.0,5.0,,1586.0,14.2,98.3,0.2,0.2,0.0,0.0,1.4
48725,1.0,,,,2061.0,11.0,96.8,0.5,0.1,1.3,0.0,1.3
49458,1.0,,1.0,,80.0,12.5,100.0,0.0,0.0,0.0,0.0,0.0
48721,1.0,2.0,1.0,,472.0,16.5,98.7,0.0,0.0,0.0,0.0,1.3
48720,1.0,,,,1031.0,23.1,97.7,0.0,0.5,1.1,0.0,0.8
48710,1.0,2.0,3.0,,0.0,,,,,,,
49452,1.0,2.0,2.0,3.0,2075.0,14.6,94.5,0.4,1.9,0.1,0.0,3.0
49453,1.0,,,,2400.0,12.3,92.9,0.0,2.8,0.5,0.0,3.8
48878,1.0,,1.0,2.0,1371.0,12.3,93.2,0.9,3.1,0.6,0.0,2.2
48655,1.0,,1.0,,5651.0,11.3,96.6,0.5,0.1,0.3,0.0,2.5
48532,1.0,,1.0,1.0,19963.0,19.7,55.2,33.5,1.0,1.8,0.0,8.5
48896,1.0,1.0,1.0,2.0,300.0,72.7,96.7,0.0,2.0,0.0,0.0,1.3
49627,1.0,1.0,1.0,,219.0,14.6,91.8,0.0,4.1,0.0,0.0,4.1
49719,1.0,,2.0,,1176.0,10.1,91.0,0.0,5.3,1.3,0.0,2.5
48397,1.0,1.0,1.0,3.0,0.0,,,,,,,
49026,1.0,,1.0,1.0,2310.0,11.3,86.3,8.8,0.3,0.0,0.0,4.6
49030,1.0,,,,2392.0,11.4,95.2,0.7,0.0,0.7,0.0,3.4000000000000004
49301,1.0,,1.0,,20293.0,2.6,91.9,1.6,0.1,4.6,0.0,1.7000000000000002
49690,1.0,,9.0,3.0,7026.0,4.2,95.0,1.2,1.0,0.0,0.0,2.8
49289,1.0,2.0,2.0,,127.0,4.7,100.0,0.0,0.0,0.0,0.0,0.0
48348,1.0,,2.0,,24541.0,4.3,94.2,1.5,0.0,2.2,0.0,2.2
48334,1.0,,,,19034.0,6.8,61.5,22.9,1.0,12.1,0.1,2.4
49675,1.0,,1.0,,993.0,3.9,93.5,0.0,0.0,0.0,0.0,6.5
49284,1.0,,2.0,1.0,2988.0,13.9,95.2,0.8,0.5,0.2,0.0,3.4
49724,1.0,2.0,2.0,1.0,1131.0,12.0,80.1,0.0,14.7,1.1,0.0,4.1
49725,1.0,2.0,2.0,1.0,677.0,13.3,78.4,0.0,18.2,0.6,0.0,2.8
49726,1.0,,3.0,1.0,1051.0,5.1,90.9,0.0,6.3,0.4,0.0,2.5
48832,1.0,,1.0,,1465.0,11.6,95.2,0.0,0.0,0.0,0.0,4.8
48327,1.0,,1.0,,21893.0,10.1,89.6,5.2,0.3,1.4,0.1,3.3
49283,1.0,1.0,2.0,1.0,2690.0,6.2,91.9,2.5,0.2,0.7,0.2,4.5
49306,1.0,2.0,2.0,,10627.0,8.1,94.4,0.3,0.8,1.3,0.1,3.1
48415,1.0,4.0,4.0,,9069.0,6.6,98.3,1.2,0.0,0.0,0.0,0.4
48915,1.0,,1.0,2.0,10519.0,24.5,48.6,31.0,0.4,4.3,0.0,15.6
49648,1.0,1.0,1.0,,2239.0,7.5,91.9,0.2,0.8,0.0,0.0,7.0
48502,1.0,,,,401.0,53.6,53.6,44.1,0.0,1.0,0.0,1.4
49328,1.0,,,,4276.0,8.4,96.2,1.7,0.6,0.0,0.0,1.5
49637,1.0,,1.0,,3343.0,12.7,94.2,0.0,0.0,4.1,0.0,1.7
49638,1.0,2.0,2.0,,849.0,14.6,98.2,0.5,0.7,0.0,0.0,0.6
49322,1.0,,,,1513.0,19.6,97.0,1.4,0.0,0.0,0.0,1.6
49119,1.0,,,,66.0,12.1,93.9,0.0,0.0,0.0,0.0,6.1
48445,1.0,,1.0,1.0,1227.0,24.6,96.4,0.0,0.0,0.5,0.0,3.1
49319,1.0,,1.0,,16623.0,7.0,96.1,0.8,0.0,0.7,0.0,2.5
48418,1.0,,1.0,1.0,3883.0,4.0,97.6,0.0,1.1,0.6,0.0,0.7999999999999999
48436,1.0,,,,3795.0,9.2,98.5,0.7,0.0,0.3,0.0,0.5
48433,1.0,,,,24744.0,9.0,91.1,4.3,0.7,0.6,0.1,3.2
48428,1.0,,,,5223.0,6.5,97.4,0.0,0.1,1.0,0.0,1.5
49011,1.0,4.0,5.0,,2269.0,10.2,94.7,2.2,0.6,0.0,0.0,2.4
49663,1.0,2.0,2.0,,6122.0,14.3,96.1,0.5,0.8,0.3,0.2,2.1
49310,1.0,,1.0,,3233.0,18.8,97.2,0.9,0.6,0.0,0.0,1.4
49021,1.0,,2.0,,6364.0,9.3,93.4,3.0,0.3,0.1,0.0,3.1
49880,1.0,,1.0,,1013.0,9.5,93.6,0.1,2.4,0.6,0.2,3.2
nan,,2.0,2.0,,,,,,,,,
